customer_id,tenure_months,monthly_charges,total_charges,contract,internet_service,support_tickets,satisfaction_score,signup_date,currency,churn
CUST-00001,10,54.4,567.11,Two year,Fiber,1,5.0,2023-01-12,INR,0
CUST-00002,10,71.13,691.41,Month-to-month,No internet,5,,2021-08-05,INR,0
CUST-00003,57,50.35,2690.95,One year,Fiber,2,5.0,2024-03-17,INR,0
CUST-00004,36,71.07,2527.0,Month-to-month,Fiber,6,7.0,2022-09-26,INR,0
CUST-00005,42,30.29,1262.07,Two year,DSL,3,2.0,2023-04-13,INR,1
CUST-00006,43,94.28,4205.83,One year,No internet,2,4.0,2019-07-15,INR,1
CUST-00007,51,53.71,2916.1,One year,DSL,3,9.0,2021-02-21,INR,1
CUST-00008,3,30.21,87.05,Two year,Fiber,0,6.0,2022-07-05,INR,0
CUST-00009,35,60.08,2259.94,Month-to-month,Fiber,0,1.0,2020-12-09,INR,0
CUST-00010,11,56.84,654.84,One year,DSL,0,2.0,2023-03-31,INR,1
CUST-00011,29,68.35,2032.83,Month-to-month,DSL,1,5.0,2020-04-11,INR,0
CUST-00012,66,39.8,2656.89,One year,No internet,3,8.0,2019-11-28,INR,0
CUST-00013,39,73.74,3086.36,Month-to-month,DSL,0,3.0,2020-05-10,INR,1
CUST-00014,5,130.0,651.84,One year,DSL,1,9.0,2019-10-05,INR,1
CUST-00015,39,36.87,1418.09,Month-to-month,DSL,2,9.0,2019-04-18,INR,0
CUST-00016,10,72.43,727.62,Month-to-month,DSL,0,8.0,2019-07-22,INR,1
CUST-00017,54,58.16,3012.94,One year,DSL,0,8.0,2021-06-29,INR,0
CUST-00018,68,69.24,4776.97,One year,Fiber,2,8.0,2022-06-18,INR,1
CUST-00019,70,25.14,1754.74,One year,Fiber,1,4.0,2022-03-15,INR,0
CUST-00020,45,39.68,1804.06,Month-to-month,Fiber,1,2.0,2021-03-03,INR,0
CUST-00021,62,75.11,4709.1,One year,Fiber,2,,2023-09-06,INR,0
CUST-00022,27,64.15,1677.76,One year,No internet,2,10.0,2019-03-18,INR,1
CUST-00023,11,100.98,1155.11,One year,DSL,2,6.0,2021-01-16,INR,1
CUST-00024,37,49.49,1776.16,Month-to-month,DSL,1,6.0,2019-08-21,INR,1
CUST-00025,32,68.84,2262.51,Month-to-month,No internet,1,8.0,2021-08-08,INR,0
CUST-00026,48,129.09,5902.79,One year,Fiber,2,9.0,2020-12-27,INR,1
CUST-00027,71,48.16,3458.94,Month-to-month,No internet,4,10.0,2022-09-02,INR,0
CUST-00028,20,45.12,880.59,Two year,No internet,0,8.0,2019-04-15,INR,0
CUST-00029,61,64.23,3924.76,Month-to-month,Fiber,1,10.0,2023-04-10,INR,0
CUST-00030,10,64.02,627.97,Month-to-month,Fiber,2,9.0,2023-05-05,INR,0
CUST-00031,25,83.57,1953.34,Month-to-month,Fiber,0,10.0,2023-11-18,INR,0
CUST-00032,56,67.85,3674.24,Month-to-month,Fiber,2,9.0,2020-01-23,INR,0
CUST-00033,18,48.35,872.49,Two year,No internet,1,9.0,2021-01-12,INR,0
CUST-00034,48,69.65,3407.3,Two year,Fiber,2,8.0,2023-06-09,INR,0
CUST-00035,33,123.05,3883.53,Two year,No internet,0,5.0,2022-06-06,INR,1
CUST-00036,37,92.98,3222.51,One year,DSL,3,6.0,2019-03-12,INR,0
CUST-00037,67,18.0,1175.0,Two year,Fiber,1,1.0,2022-11-19,INR,0
CUST-00038,58,61.88,3567.93,Month-to-month,Fiber,2,,2020-11-06,INR,0
CUST-00039,60,45.75,2694.12,Month-to-month,DSL,2,2.0,2023-08-05,INR,0
CUST-00040,39,78.69,2995.79,Month-to-month,Fiber,1,3.0,2024-02-03,INR,0
CUST-00041,70,61.19,4394.58,Month-to-month,Fiber,0,,2021-05-15,INR,0
CUST-00042,70,107.52,7747.97,Two year,Fiber,1,10.0,2019-10-31,INR,0
CUST-00043,10,85.49,874.32,One year,DSL,2,6.0,2022-12-08,INR,1
CUST-00044,15,84.59,1233.73,Month-to-month,No internet,2,8.0,2019-03-15,INR,1
CUST-00045,22,69.1,1524.38,Month-to-month,Fiber,3,10.0,2021-10-07,INR,1
CUST-00046,40,64.11,2550.69,One year,No internet,3,3.0,2023-08-03,INR,0
CUST-00047,59,72.48,4095.17,One year,DSL,1,8.0,2019-05-14,INR,0
CUST-00048,35,93.5,3360.65,Month-to-month,Fiber,0,2.0,2023-05-13,INR,0
CUST-00049,70,76.76,5389.86,Month-to-month,No internet,0,2.0,2021-03-26,INR,0
CUST-00050,26,57.28,1468.3,Month-to-month,No internet,0,,2021-09-19,INR,1
CUST-00051,66,93.05,6405.3,Month-to-month,No internet,0,6.0,2021-08-10,INR,0
CUST-00052,43,69.23,3046.48,One year,DSL,0,1.0,2019-09-10,INR,1
CUST-00053,52,63.29,3377.11,Month-to-month,Fiber,2,8.0,2022-07-24,INR,1
CUST-00054,17,47.59,838.53,Month-to-month,DSL,0,7.0,2020-08-09,INR,0
CUST-00055,43,52.55,2309.35,Two year,No internet,0,10.0,2021-12-17,INR,0
CUST-00056,57,51.01,2798.53,Month-to-month,Fiber,2,8.0,2021-06-07,INR,1
CUST-00057,63,18.0,1121.29,Month-to-month,Fiber,2,4.0,2020-08-16,INR,0
CUST-00058,62,87.37,5582.42,Two year,Fiber,1,5.0,2024-04-10,INR,0
CUST-00059,69,77.46,5223.86,Month-to-month,Fiber,0,,2021-01-12,INR,0
CUST-00060,10,60.29,603.84,Month-to-month,DSL,0,10.0,2020-03-03,INR,0
CUST-00061,56,88.01,4989.55,Two year,DSL,4,5.0,2020-03-10,INR,0
CUST-00062,34,74.64,2648.62,Month-to-month,DSL,1,7.0,2022-08-14,INR,0
CUST-00063,49,73.17,3726.59,Two year,DSL,2,2.0,2019-01-25,INR,1
CUST-00064,20,18.0,369.86,One year,DSL,0,,2022-11-15,INR,0
CUST-00065,2,59.87,119.12,Month-to-month,DSL,0,6.0,2023-06-10,INR,0
CUST-00066,6,76.71,473.09,Month-to-month,Fiber,2,7.0,2023-10-08,INR,0
CUST-00067,70,100.41,7143.0,Two year,Fiber,2,10.0,2024-05-08,INR,0
CUST-00068,64,105.49,6721.39,Month-to-month,Fiber,2,6.0,2022-09-10,INR,0
CUST-00069,22,999.99,2207.37,Month-to-month,DSL,2,4.0,2023-02-21,INR,1
CUST-00070,31,39.44,1241.28,Two year,DSL,4,1.0,2021-01-19,INR,1
CUST-00071,18,18.0,316.78,Month-to-month,Fiber,0,4.0,2024-04-13,INR,1
CUST-00072,11,77.55,885.79,Two year,DSL,1,9.0,2021-06-03,INR,1
CUST-00073,61,65.61,3973.14,One year,DSL,1,4.0,2019-07-12,INR,1
CUST-00074,48,86.18,4211.9,One year,DSL,2,2.0,2021-08-08,INR,1
CUST-00075,6,62.23,356.45,Month-to-month,Fiber,2,2.0,2022-06-04,INR,0
CUST-00076,15,69.83,1047.23,One year,DSL,2,3.0,2022-03-23,INR,0
CUST-00077,41,32.0,1275.23,Two year,DSL,3,3.0,2021-08-23,INR,0
CUST-00078,65,74.86,4725.61,Month-to-month,DSL,3,7.0,2021-11-30,INR,1
CUST-00079,71,55.21,3696.57,Month-to-month,Fiber,3,2.0,2019-10-14,INR,0
CUST-00080,16,72.7,1238.38,Month-to-month,DSL,1,7.0,2019-07-25,INR,0
CUST-00081,44,75.11,3291.05,Month-to-month,DSL,0,5.0,2019-01-25,INR,0
CUST-00082,3,62.42,188.66,Month-to-month,Fiber,0,10.0,2023-03-27,INR,0
CUST-00083,13,71.97,967.0,Two year,No internet,3,10.0,2023-08-10,INR,1
CUST-00084,15,64.7,967.25,Month-to-month,Fiber,1,10.0,2020-12-29,INR,1
CUST-00085,32,81.7,2655.47,Month-to-month,DSL,1,1.0,2024-02-02,INR,1
CUST-00086,25,76.04,1824.06,Month-to-month,Fiber,1,10.0,2022-06-03,INR,0
CUST-00087,52,52.96,2770.95,Month-to-month,DSL,2,4.0,2020-12-05,INR,0
CUST-00088,34,52.07,1748.91,Month-to-month,Fiber,3,8.0,2020-09-14,INR,0
CUST-00089,25,103.36,2623.54,Month-to-month,Fiber,0,6.0,2023-04-19,INR,0
CUST-00090,65,62.76,4102.69,Month-to-month,Fiber,2,4.0,2021-06-13,INR,0
CUST-00091,45,86.82,3745.57,One year,Fiber,3,4.0,2019-07-30,INR,0
CUST-00092,50,73.65,3478.91,Month-to-month,DSL,0,,2024-06-14,INR,0
CUST-00093,53,52.59,2703.14,Month-to-month,DSL,2,3.0,2021-02-03,INR,0
CUST-00094,25,48.52,1240.14,Two year,Fiber,2,2.0,2019-01-29,INR,0
CUST-00095,64,67.64,4385.28,One year,DSL,1,10.0,2019-06-04,INR,0
CUST-00096,2,70.65,143.04,Month-to-month,Fiber,1,,2022-07-02,INR,1
CUST-00097,22,78.52,1623.21,Two year,Fiber,2,4.0,2020-03-08,INR,1
CUST-00098,12,37.13,409.72,One year,DSL,1,10.0,2020-01-13,INR,1
CUST-00099,1,51.92,50.96,Month-to-month,DSL,2,9.0,2022-07-14,INR,1
CUST-00100,71,999.99,4422.98,Month-to-month,Fiber,3,,2024-03-24,INR,0
CUST-00101,7,100.22,688.98,Month-to-month,DSL,2,4.0,2022-11-02,INR,1
CUST-00102,33,18.0,600.43,Month-to-month,No internet,0,,2023-06-30,INR,0
CUST-00103,59,74.66,4383.13,Month-to-month,No internet,2,10.0,2022-07-07,INR,0
CUST-00104,50,53.12,2561.96,Month-to-month,DSL,0,2.0,2023-07-23,INR,0
CUST-00105,61,74.49,4424.67,Two year,No internet,2,2.0,2024-04-19,INR,0
CUST-00106,4,54.18,217.68,One year,No internet,1,6.0,2023-08-03,INR,1
CUST-00107,36,73.02,2634.82,Month-to-month,DSL,1,6.0,2023-12-31,INR,0
CUST-00108,3,99.42,297.64,Month-to-month,Fiber,0,2.0,2020-11-18,INR,0
CUST-00109,14,72.79,1088.51,Month-to-month,DSL,1,4.0,2020-09-23,INR,0
CUST-00110,61,74.53,4511.04,Month-to-month,DSL,3,8.0,2021-10-09,INR,0
CUST-00111,6,73.2,440.83,Month-to-month,DSL,0,1.0,2021-08-05,INR,1
CUST-00112,42,48.49,1975.93,Month-to-month,Fiber,2,10.0,2024-01-19,INR,0
CUST-00113,2,76.95,152.26,Two year,No internet,3,8.0,2022-09-07,INR,1
CUST-00114,22,60.42,1350.25,Month-to-month,Fiber,0,5.0,2021-07-31,INR,0
CUST-00115,67,47.14,3212.34,One year,No internet,2,6.0,2023-10-30,INR,0
CUST-00116,23,64.15,1468.57,One year,Fiber,3,1.0,2024-02-23,INR,0
CUST-00117,22,60.0,1335.71,Month-to-month,DSL,1,9.0,2020-11-07,INR,1
CUST-00118,7,81.58,572.03,One year,DSL,2,4.0,2023-06-16,INR,1
CUST-00119,56,64.06,3385.01,Month-to-month,Fiber,2,9.0,2020-07-05,INR,0
CUST-00120,13,53.35,625.42,Month-to-month,Fiber,1,1.0,2021-09-03,INR,0
CUST-00121,36,97.03,3735.27,Month-to-month,DSL,0,7.0,2019-06-08,INR,1
CUST-00122,2,86.74,177.8,Two year,DSL,0,5.0,2021-11-20,INR,0
CUST-00123,2,92.93,185.54,Month-to-month,No internet,2,7.0,2023-08-28,INR,1
CUST-00124,60,78.37,4457.02,Two year,DSL,1,,2021-11-05,INR,0
CUST-00125,1,62.59,60.2,Month-to-month,No internet,2,1.0,2019-02-20,INR,0
CUST-00126,34,55.78,1973.67,Month-to-month,Fiber,3,10.0,2020-06-21,INR,0
CUST-00127,31,58.85,1671.75,Two year,DSL,2,3.0,2022-10-20,INR,0
CUST-00128,10,85.85,850.15,One year,DSL,0,3.0,2020-11-30,INR,1
CUST-00129,46,67.46,3184.02,Month-to-month,Fiber,1,6.0,2024-05-09,INR,0
CUST-00130,53,32.38,1723.51,Two year,DSL,1,,2021-05-05,INR,0
CUST-00131,70,64.14,4591.47,One year,DSL,1,1.0,2020-03-19,INR,0
CUST-00132,14,33.85,472.03,Month-to-month,DSL,0,,2021-12-02,INR,1
CUST-00133,66,68.65,4856.23,One year,No internet,3,5.0,2022-08-31,INR,0
CUST-00134,5,38.52,186.66,One year,DSL,0,4.0,2023-10-18,INR,0
CUST-00135,11,37.19,392.37,Month-to-month,Fiber,0,6.0,2020-02-17,INR,1
CUST-00136,43,67.61,2931.17,One year,DSL,2,3.0,2021-08-27,INR,0
CUST-00137,62,63.28,4091.62,Two year,DSL,0,7.0,2024-02-21,INR,1
CUST-00138,64,28.44,1817.11,One year,DSL,2,3.0,2022-01-22,INR,0
CUST-00139,53,81.46,4453.25,One year,No internet,0,7.0,2021-03-29,INR,0
CUST-00140,2,112.59,221.59,Two year,DSL,0,,2022-11-14,INR,0
CUST-00141,30,32.41,937.73,One year,DSL,1,9.0,2019-08-22,INR,0
CUST-00142,58,105.04,6348.18,Month-to-month,DSL,0,3.0,2023-05-18,INR,0
CUST-00143,38,49.87,1984.24,One year,Fiber,1,10.0,2020-02-15,INR,1
CUST-00144,14,54.13,792.68,One year,Fiber,5,2.0,2024-04-29,INR,1
CUST-00145,49,61.06,2952.6,One year,Fiber,2,10.0,2024-04-22,INR,0
CUST-00146,7,33.2,224.35,Month-to-month,DSL,0,2.0,2023-01-17,INR,1
CUST-00147,50,93.58,4514.86,Month-to-month,No internet,2,10.0,2019-03-30,INR,0
CUST-00148,2,75.84,150.66,Month-to-month,Fiber,2,8.0,2022-04-12,INR,0
CUST-00149,26,48.47,1282.24,Two year,No internet,0,1.0,2023-01-17,INR,0
CUST-00150,21,58.9,1255.79,Month-to-month,Fiber,1,5.0,2022-12-05,INR,0
CUST-00151,67,31.64,2028.66,Month-to-month,Fiber,2,3.0,2019-09-21,INR,0
CUST-00152,52,57.35,2999.66,Two year,Fiber,3,4.0,2019-09-02,INR,0
CUST-00153,47,85.6,4025.34,Month-to-month,DSL,2,1.0,2022-11-21,INR,1
CUST-00154,36,27.26,984.01,Month-to-month,No internet,4,8.0,2023-01-18,INR,0
CUST-00155,21,55.4,1162.57,Month-to-month,DSL,2,8.0,2022-12-11,INR,0
CUST-00156,61,68.23,4136.82,Month-to-month,Fiber,1,7.0,2020-03-14,INR,0
CUST-00157,68,88.06,6094.66,One year,DSL,1,,2021-08-25,INR,1
CUST-00158,16,94.69,1520.81,Month-to-month,Fiber,0,5.0,2023-10-27,INR,0
CUST-00159,18,54.94,995.61,Month-to-month,Fiber,0,7.0,2019-08-22,INR,1
CUST-00160,23,48.71,1097.11,Month-to-month,DSL,2,7.0,2023-10-11,INR,0
CUST-00161,34,74.91,2577.18,Month-to-month,Fiber,2,1.0,2019-08-30,INR,0
CUST-00162,19,57.01,1079.25,Two year,DSL,0,4.0,2022-06-10,INR,0
CUST-00163,29,58.18,1580.16,Month-to-month,No internet,2,5.0,2021-05-24,INR,0
CUST-00164,70,88.76,6303.34,Month-to-month,Fiber,2,5.0,2024-02-20,INR,1
CUST-00165,27,102.17,2736.72,One year,DSL,1,2.0,2020-08-19,INR,1
CUST-00166,67,70.85,4878.86,Month-to-month,Fiber,2,7.0,2019-04-13,INR,0
CUST-00167,36,60.77,2177.08,Month-to-month,Fiber,1,6.0,2021-09-22,INR,0
CUST-00168,25,77.57,1933.68,Month-to-month,Fiber,2,1.0,2019-06-01,INR,1
CUST-00169,67,23.47,1582.48,One year,No internet,1,6.0,2022-12-30,INR,0
CUST-00170,31,64.6,2001.89,Month-to-month,Fiber,2,5.0,2021-09-18,INR,1
CUST-00171,55,41.67,2261.12,Month-to-month,DSL,2,,2021-05-02,INR,0
CUST-00172,23,117.57,2558.64,Month-to-month,Fiber,2,4.0,2020-02-01,INR,1
CUST-00173,71,80.84,6056.93,Month-to-month,Fiber,2,1.0,2019-08-30,INR,0
CUST-00174,54,68.11,3503.74,Month-to-month,No internet,1,4.0,2019-02-14,INR,0
CUST-00175,63,60.72,3786.17,Two year,Fiber,3,,2022-01-19,INR,0
CUST-00176,3,18.0,55.06,Two year,No internet,1,,2024-04-03,INR,0
CUST-00177,8,80.68,652.8,Two year,DSL,2,9.0,2020-07-20,INR,0
CUST-00178,5,100.85,512.83,Month-to-month,DSL,1,7.0,2021-04-17,INR,0
CUST-00179,38,48.97,1903.8,One year,DSL,2,,2020-01-25,INR,0
CUST-00180,29,80.03,2408.83,One year,DSL,2,8.0,2023-08-08,INR,1
CUST-00181,70,80.9,5713.51,One year,DSL,1,1.0,2023-02-20,INR,0
CUST-00182,18,30.94,605.48,Two year,No internet,0,8.0,2020-07-24,INR,0
CUST-00183,12,85.59,995.85,Month-to-month,Fiber,1,1.0,2024-04-14,INR,0
CUST-00184,61,94.81,5822.86,Month-to-month,Fiber,0,7.0,2022-06-17,INR,0
CUST-00185,22,70.03,1523.98,One year,DSL,1,8.0,2021-10-27,INR,0
CUST-00186,53,63.61,3316.19,Month-to-month,Fiber,2,1.0,2019-05-19,INR,0
CUST-00187,21,82.34,1744.04,Month-to-month,DSL,1,4.0,2020-03-31,INR,1
CUST-00188,39,31.1,1265.96,Two year,No internet,0,3.0,2022-05-23,INR,0
CUST-00189,6,67.05,393.73,Month-to-month,DSL,1,1.0,2023-08-15,INR,1
CUST-00190,47,88.2,4056.98,Two year,Fiber,2,7.0,2022-11-13,INR,1
CUST-00191,66,37.67,2540.26,Two year,Fiber,0,5.0,2022-01-29,INR,0
CUST-00192,50,86.84,4412.86,Month-to-month,DSL,2,2.0,2022-05-19,INR,0
CUST-00193,63,55.8,3721.87,One year,DSL,1,7.0,2022-05-27,INR,0
CUST-00194,56,19.22,1109.51,Month-to-month,DSL,1,6.0,2021-08-19,INR,0
CUST-00195,41,62.67,2587.17,Month-to-month,DSL,0,6.0,2023-08-31,INR,0
CUST-00196,66,43.62,2850.47,Two year,DSL,0,1.0,2023-01-16,INR,0
CUST-00197,35,72.02,2536.98,Two year,No internet,1,,2022-01-16,INR,0
CUST-00198,11,39.21,429.04,One year,DSL,1,9.0,2020-03-26,INR,0
CUST-00199,40,88.11,3380.07,Month-to-month,DSL,4,5.0,2022-10-22,INR,0
CUST-00200,45,48.75,2194.29,Two year,Fiber,0,2.0,2022-09-11,INR,0
CUST-00201,13,72.84,941.95,One year,DSL,0,8.0,2023-10-01,INR,1
CUST-00202,11,51.93,567.24,Two year,Fiber,0,5.0,2020-07-27,INR,1
CUST-00203,48,57.9,2743.41,One year,Fiber,0,1.0,2023-09-13,INR,0
CUST-00204,32,91.22,3067.04,Month-to-month,Fiber,2,2.0,2019-05-11,INR,1
CUST-00205,35,69.74,2491.89,One year,DSL,1,2.0,2020-08-27,INR,1
CUST-00206,56,56.31,3241.99,Two year,Fiber,0,,2021-01-18,INR,0
CUST-00207,49,37.47,1802.56,Two year,DSL,2,6.0,2021-01-02,INR,1
CUST-00208,64,90.52,5615.55,One year,Fiber,3,,2023-02-14,INR,0
CUST-00209,12,81.12,965.18,Month-to-month,Fiber,2,7.0,2019-09-02,INR,1
CUST-00210,54,57.82,3145.14,Two year,No internet,0,,2019-11-28,INR,0
CUST-00211,39,70.35,2715.23,Month-to-month,DSL,2,8.0,2020-12-26,INR,0
CUST-00212,3,42.35,126.33,Month-to-month,Fiber,1,,2023-03-31,INR,1
CUST-00213,6,42.67,263.4,Month-to-month,Fiber,2,1.0,2022-09-18,INR,0
CUST-00214,26,46.82,1228.25,Month-to-month,DSL,1,3.0,2020-12-15,INR,0
CUST-00215,46,72.78,3249.05,Two year,DSL,2,3.0,2021-02-07,INR,0
CUST-00216,12,71.51,847.1,Month-to-month,DSL,0,9.0,2021-09-10,INR,1
CUST-00217,39,48.6,1858.01,Two year,Fiber,2,10.0,2019-06-10,INR,0
CUST-00218,71,81.23,5798.64,Month-to-month,Fiber,1,3.0,2019-05-20,INR,0
CUST-00219,11,82.26,873.17,One year,Fiber,1,4.0,2019-12-10,INR,1
CUST-00220,11,68.8,752.74,Month-to-month,DSL,2,,2019-12-01,INR,0
CUST-00221,69,87.84,6186.9,Month-to-month,Fiber,2,10.0,2019-10-03,INR,1
CUST-00222,18,58.68,1057.15,Month-to-month,No internet,0,10.0,2022-08-25,INR,0
CUST-00223,63,62.51,3830.16,Two year,DSL,1,2.0,2024-02-13,INR,0
CUST-00224,26,75.4,1924.15,Month-to-month,Fiber,1,6.0,2024-01-03,INR,0
CUST-00225,54,64.25,3482.44,Month-to-month,Fiber,3,8.0,2021-10-25,INR,0
CUST-00226,5,82.47,418.33,One year,DSL,3,3.0,2020-06-17,INR,1
CUST-00227,45,37.44,1727.11,Month-to-month,No internet,0,7.0,2022-01-29,INR,0
CUST-00228,62,96.37,5948.91,Month-to-month,Fiber,0,5.0,2022-10-08,INR,0
CUST-00229,25,47.81,1148.02,Month-to-month,Fiber,3,10.0,2023-10-28,INR,0
CUST-00230,46,61.38,2944.18,Two year,Fiber,0,9.0,2023-10-26,INR,0
CUST-00231,16,34.69,560.0,Month-to-month,DSL,1,1.0,2019-05-04,INR,1
CUST-00232,12,78.2,949.83,Month-to-month,No internet,2,9.0,2023-08-20,INR,1
CUST-00233,1,93.02,93.87,Two year,DSL,1,,2022-06-29,INR,0
CUST-00234,36,88.56,3088.93,Two year,Fiber,0,,2024-03-18,INR,1
CUST-00235,38,83.33,3136.21,One year,No internet,3,7.0,2022-05-08,INR,1
CUST-00236,6,30.74,185.86,Month-to-month,DSL,3,6.0,2019-08-05,INR,1
CUST-00237,17,47.79,837.6,Two year,No internet,2,4.0,2023-03-03,INR,0
CUST-00238,44,54.82,2416.43,Month-to-month,Fiber,1,4.0,2022-08-29,INR,0
CUST-00239,26,44.44,1047.29,Month-to-month,Fiber,0,6.0,2019-08-17,INR,0
CUST-00240,17,89.7,1513.86,Month-to-month,Fiber,0,1.0,2020-08-06,INR,0
CUST-00241,1,69.06,69.79,Month-to-month,Fiber,2,1.0,2019-10-03,INR,0
CUST-00242,3,64.46,200.89,Month-to-month,Fiber,1,5.0,2019-03-27,INR,0
CUST-00243,46,75.73,3557.92,Two year,DSL,2,6.0,2022-05-23,INR,0
CUST-00244,9,44.06,426.16,Month-to-month,DSL,0,3.0,2021-09-25,INR,1
CUST-00245,60,45.02,2816.62,Two year,Fiber,0,2.0,2021-03-09,INR,1
CUST-00246,40,45.61,1898.16,Month-to-month,No internet,1,8.0,2024-03-29,INR,0
CUST-00247,18,75.95,1405.77,One year,DSL,3,6.0,2023-11-15,INR,1
CUST-00248,46,72.52,3197.57,Month-to-month,DSL,1,1.0,2020-11-21,INR,1
CUST-00249,12,77.72,956.34,Month-to-month,DSL,2,,2023-11-07,INR,1
CUST-00250,24,88.72,2167.57,Month-to-month,DSL,0,5.0,2020-06-07,INR,0
CUST-00251,36,35.14,1245.08,Month-to-month,Fiber,1,1.0,2022-09-08,INR,0
CUST-00252,46,52.67,2465.46,Month-to-month,No internet,0,4.0,2024-06-04,INR,1
CUST-00253,10,68.25,691.06,One year,Fiber,1,4.0,2020-03-07,INR,0
CUST-00254,25,35.33,870.93,Two year,Fiber,4,5.0,2022-09-05,INR,0
CUST-00255,7,53.29,371.65,Month-to-month,DSL,2,6.0,2023-08-28,INR,1
CUST-00256,10,87.31,866.2,Month-to-month,DSL,0,5.0,2019-11-11,INR,1
CUST-00257,16,89.26,1438.03,Month-to-month,Fiber,0,8.0,2022-11-26,INR,1
CUST-00258,23,88.69,2013.89,Two year,DSL,1,10.0,2019-02-11,INR,0
CUST-00259,65,65.95,4356.83,One year,Fiber,2,,2024-05-17,INR,0
CUST-00260,29,999.99,1649.19,One year,DSL,0,7.0,2019-06-14,INR,0
CUST-00261,8,88.75,703.99,One year,No internet,1,4.0,2022-02-17,INR,0
CUST-00262,65,56.8,3505.4,Month-to-month,No internet,0,4.0,2019-06-14,INR,0
CUST-00263,41,72.44,2927.01,Two year,DSL,6,1.0,2021-10-21,INR,0
CUST-00264,9,94.16,860.58,Two year,DSL,5,4.0,2023-11-09,INR,0
CUST-00265,6,56.91,341.68,One year,DSL,0,,2021-08-10,INR,0
CUST-00266,7,51.57,359.79,Month-to-month,Fiber,1,5.0,2022-11-06,INR,0
CUST-00267,65,64.79,4220.04,Month-to-month,No internet,2,10.0,2023-04-22,INR,0
CUST-00268,40,78.16,3273.61,Month-to-month,DSL,1,10.0,2019-12-30,INR,1
CUST-00269,49,75.61,3581.93,Month-to-month,DSL,1,10.0,2020-02-17,INR,0
CUST-00270,69,68.43,4847.42,Month-to-month,No internet,4,6.0,2021-05-16,INR,0
CUST-00271,29,77.24,2138.32,Two year,DSL,1,7.0,2021-06-24,INR,1
CUST-00272,65,29.81,1910.48,Month-to-month,Fiber,1,10.0,2021-06-17,INR,0
CUST-00273,29,46.1,1343.46,Month-to-month,Fiber,2,7.0,2021-12-30,INR,0
CUST-00274,50,68.59,3341.87,Month-to-month,DSL,3,3.0,2023-09-24,INR,1
CUST-00275,59,44.57,2645.81,Month-to-month,No internet,0,1.0,2022-03-23,INR,0
CUST-00276,5,35.48,181.28,One year,DSL,1,6.0,2024-04-30,INR,0
CUST-00277,53,38.43,1963.85,Month-to-month,Fiber,4,6.0,2023-07-30,INR,0
CUST-00278,58,44.8,2592.37,Two year,DSL,1,8.0,2019-01-18,INR,0
CUST-00279,69,61.07,4166.23,One year,Fiber,1,8.0,2020-11-20,INR,0
CUST-00280,49,42.5,1961.27,Two year,DSL,0,9.0,2019-02-23,INR,0
CUST-00281,35,70.17,2442.17,Two year,DSL,1,9.0,2024-05-31,INR,0
CUST-00282,11,102.32,1098.58,Month-to-month,Fiber,2,2.0,2022-05-11,INR,0
CUST-00283,55,61.75,3532.69,Month-to-month,DSL,1,,2023-12-28,INR,0
CUST-00284,34,93.04,3080.27,Month-to-month,Fiber,1,5.0,2019-04-20,INR,1
CUST-00285,58,71.35,4349.29,Month-to-month,DSL,1,10.0,2023-12-25,INR,0
CUST-00286,4,40.36,158.86,One year,DSL,3,9.0,2021-04-08,INR,0
CUST-00287,25,59.36,1570.29,Month-to-month,No internet,2,3.0,2021-05-12,INR,0
CUST-00288,57,43.4,2513.83,One year,Fiber,2,7.0,2022-06-29,INR,0
CUST-00289,44,81.89,3652.22,Month-to-month,Fiber,0,6.0,2022-06-09,INR,0
CUST-00290,52,39.63,2110.57,Month-to-month,DSL,1,2.0,2021-10-29,INR,1
CUST-00291,42,94.1,4059.18,One year,Fiber,2,,2019-12-23,INR,0
CUST-00292,58,77.72,4697.53,Month-to-month,DSL,1,,2020-01-07,INR,1
CUST-00293,59,20.51,1272.99,Month-to-month,Fiber,0,4.0,2020-05-16,INR,0
CUST-00294,54,82.26,4395.84,Month-to-month,Fiber,1,6.0,2020-07-27,INR,0
CUST-00295,48,99.17,4581.63,Two year,Fiber,1,6.0,2019-07-14,INR,0
CUST-00296,19,47.61,832.08,One year,DSL,3,1.0,2021-12-15,INR,1
CUST-00297,6,86.68,514.04,Month-to-month,Fiber,0,1.0,2021-08-25,INR,0
CUST-00298,57,25.44,1483.15,Month-to-month,Fiber,2,5.0,2019-11-02,INR,0
CUST-00299,25,70.55,1783.77,Month-to-month,Fiber,2,9.0,2022-05-14,INR,1
CUST-00300,18,28.45,513.87,Month-to-month,DSL,1,5.0,2024-02-03,INR,1
CUST-00301,1,75.61,74.82,One year,Fiber,1,,2022-12-31,INR,0
CUST-00302,10,25.66,251.67,Month-to-month,Fiber,5,,2020-05-22,INR,1
CUST-00303,3,18.0,53.54,Two year,DSL,2,6.0,2020-02-15,INR,0
CUST-00304,28,73.71,2087.96,Two year,DSL,1,6.0,2023-08-17,INR,0
CUST-00305,22,115.33,2402.94,One year,Fiber,1,3.0,2020-12-25,INR,0
CUST-00306,36,51.9,1909.26,Month-to-month,No internet,1,6.0,2020-01-27,INR,1
CUST-00307,41,83.26,3264.3,One year,Fiber,2,2.0,2022-01-25,INR,0
CUST-00308,21,67.44,1409.52,Month-to-month,Fiber,0,1.0,2021-09-25,INR,0
CUST-00309,38,57.88,2157.57,One year,DSL,2,2.0,2024-01-23,INR,1
CUST-00310,44,78.54,3417.45,Two year,DSL,1,1.0,2023-06-28,INR,0
CUST-00311,48,101.13,4701.66,One year,DSL,0,10.0,2020-02-19,INR,1
CUST-00312,43,37.83,1570.29,Month-to-month,DSL,3,5.0,2022-08-21,INR,1
CUST-00313,3,77.41,230.6,One year,Fiber,1,4.0,2021-08-18,INR,0
CUST-00314,18,72.59,1263.97,Two year,DSL,0,7.0,2019-09-28,INR,1
CUST-00315,57,33.66,2059.94,Month-to-month,DSL,0,8.0,2022-05-23,INR,0
CUST-00316,45,100.52,4466.27,Two year,Fiber,0,,2020-05-31,INR,0
CUST-00317,21,107.89,2220.72,Month-to-month,DSL,0,,2021-08-30,INR,0
CUST-00318,26,44.04,1125.96,Month-to-month,DSL,2,6.0,2021-02-05,INR,0
CUST-00319,66,103.23,6592.89,One year,DSL,2,3.0,2022-06-13,INR,0
CUST-00320,53,66.24,3251.34,One year,Fiber,1,1.0,2021-10-08,INR,0
CUST-00321,27,61.41,1645.01,Month-to-month,Fiber,0,7.0,2024-05-22,INR,1
CUST-00322,21,98.08,2078.44,Month-to-month,DSL,2,,2024-04-15,INR,0
CUST-00323,10,70.0,668.27,One year,DSL,2,,2022-11-02,INR,1
CUST-00324,57,72.11,4110.08,Month-to-month,DSL,4,6.0,2020-11-29,INR,0
CUST-00325,45,98.39,4265.92,Month-to-month,Fiber,3,3.0,2021-05-31,INR,0
CUST-00326,30,93.34,2796.59,Month-to-month,DSL,2,4.0,2020-12-22,INR,0
CUST-00327,50,84.65,4277.18,One year,DSL,3,,2021-01-03,INR,0
CUST-00328,40,34.19,1387.21,Month-to-month,DSL,2,5.0,2021-12-10,INR,0
CUST-00329,38,30.41,1170.4,One year,Fiber,1,10.0,2020-08-02,INR,0
CUST-00330,48,89.78,4217.41,One year,DSL,0,8.0,2020-04-01,INR,1
CUST-00331,55,44.61,2517.76,One year,Fiber,0,10.0,2023-03-12,INR,0
CUST-00332,37,68.27,2491.43,Two year,No internet,3,2.0,2023-07-20,INR,0
CUST-00333,30,41.37,1253.83,Month-to-month,Fiber,0,8.0,2023-08-08,INR,1
CUST-00334,19,60.96,1182.44,One year,Fiber,2,7.0,2019-01-01,INR,0
CUST-00335,22,36.87,803.54,Month-to-month,Fiber,1,10.0,2019-12-29,INR,0
CUST-00336,70,100.86,6786.37,Month-to-month,DSL,4,10.0,2023-02-11,INR,1
CUST-00337,14,42.58,606.94,Month-to-month,DSL,2,7.0,2020-08-22,INR,1
CUST-00338,7,62.32,421.51,Month-to-month,DSL,4,9.0,2024-01-02,INR,0
CUST-00339,44,60.86,2605.57,Month-to-month,Fiber,2,5.0,2021-07-17,INR,0
CUST-00340,24,91.53,2123.49,Month-to-month,DSL,3,4.0,2020-10-24,INR,0
CUST-00341,7,33.76,242.23,One year,Fiber,3,,2021-11-04,INR,1
CUST-00342,39,64.27,2493.59,Two year,Fiber,1,7.0,2023-03-09,INR,0
CUST-00343,54,60.4,3040.7,Month-to-month,Fiber,0,7.0,2023-08-05,INR,0
CUST-00344,3,76.66,234.99,Month-to-month,DSL,3,2.0,2022-12-23,INR,1
CUST-00345,35,75.38,2801.5,Month-to-month,No internet,5,,2022-05-15,INR,0
CUST-00346,11,54.8,635.19,Month-to-month,DSL,0,8.0,2023-04-07,INR,0
CUST-00347,41,70.27,2831.19,Month-to-month,DSL,2,4.0,2019-11-24,INR,0
CUST-00348,57,56.76,3241.92,One year,No internet,0,8.0,2022-08-24,INR,0
CUST-00349,58,75.3,4432.83,Month-to-month,Fiber,2,1.0,2019-10-09,INR,0
CUST-00350,56,62.74,3606.6,Two year,DSL,1,,2021-12-29,INR,0
CUST-00351,21,50.58,1062.98,One year,DSL,1,3.0,2022-07-16,INR,0
CUST-00352,46,64.39,2863.81,One year,Fiber,0,4.0,2020-07-21,INR,0
CUST-00353,47,73.0,3507.66,Month-to-month,DSL,1,10.0,2022-06-01,INR,0
CUST-00354,65,114.85,7600.77,Month-to-month,Fiber,0,7.0,2021-04-29,INR,0
CUST-00355,50,54.19,2600.51,Two year,Fiber,0,5.0,2023-01-23,INR,0
CUST-00356,54,71.75,3830.61,One year,Fiber,2,,2019-08-20,INR,1
CUST-00357,7,97.19,685.6,Two year,Fiber,1,2.0,2023-03-24,INR,0
CUST-00358,22,19.28,423.99,Month-to-month,Fiber,3,7.0,2022-06-25,INR,1
CUST-00359,27,26.65,730.63,Month-to-month,Fiber,2,9.0,2020-11-23,INR,0
CUST-00360,46,38.85,1829.16,One year,Fiber,0,8.0,2021-10-26,INR,0
CUST-00361,62,62.49,3936.05,Month-to-month,Fiber,2,9.0,2021-06-09,INR,0
CUST-00362,25,118.68,2955.77,Month-to-month,DSL,2,9.0,2019-05-13,INR,1
CUST-00363,36,73.61,2541.81,Month-to-month,Fiber,1,1.0,2021-09-08,INR,1
CUST-00364,54,91.58,5034.96,One year,DSL,1,,2019-08-11,INR,0
CUST-00365,14,60.12,876.77,Month-to-month,Fiber,1,8.0,2019-01-25,INR,1
CUST-00366,28,18.0,533.69,One year,DSL,1,1.0,2020-10-17,INR,0
CUST-00367,14,18.0,251.66,Month-to-month,Fiber,2,6.0,2021-09-27,INR,0
CUST-00368,11,87.41,960.13,Month-to-month,No internet,0,9.0,2020-01-28,INR,1
CUST-00369,50,69.07,3602.1,Month-to-month,DSL,2,5.0,2019-06-27,INR,0
CUST-00370,63,36.43,2393.31,One year,DSL,1,2.0,2020-01-29,INR,0
CUST-00371,11,89.58,995.08,Month-to-month,Fiber,4,10.0,2023-03-04,INR,1
CUST-00372,50,31.14,1589.7,One year,DSL,0,6.0,2023-03-29,INR,0
CUST-00373,50,89.95,4393.02,Month-to-month,Fiber,2,7.0,2020-10-31,INR,0
CUST-00374,53,96.93,5225.29,Two year,DSL,1,8.0,2020-10-18,INR,1
CUST-00375,50,48.17,2347.84,Month-to-month,DSL,3,2.0,2019-05-23,INR,0
CUST-00376,40,40.62,1617.07,Month-to-month,DSL,0,9.0,2019-05-10,INR,1
CUST-00377,9,83.58,749.13,Month-to-month,Fiber,0,2.0,2020-02-10,INR,1
CUST-00378,56,40.9,2257.25,Month-to-month,Fiber,0,6.0,2024-01-14,INR,0
CUST-00379,14,83.96,1100.48,Month-to-month,No internet,3,10.0,2019-01-28,INR,0
CUST-00380,32,38.7,1207.18,One year,Fiber,2,,2024-03-22,INR,0
CUST-00381,68,82.77,5682.26,One year,Fiber,0,9.0,2019-04-17,INR,0
CUST-00382,41,67.07,2743.69,One year,DSL,0,10.0,2023-07-12,INR,0
CUST-00383,21,55.48,1150.83,Month-to-month,No internet,0,1.0,2020-07-08,INR,1
CUST-00384,5,45.29,229.27,One year,Fiber,1,8.0,2021-06-23,INR,1
CUST-00385,19,70.23,1361.37,One year,Fiber,2,6.0,2022-02-21,INR,0
CUST-00386,40,23.36,957.76,Month-to-month,DSL,3,3.0,2024-04-12,INR,0
CUST-00387,61,58.93,3506.1,Month-to-month,DSL,1,7.0,2022-07-04,INR,0
CUST-00388,58,56.28,3264.85,Month-to-month,Fiber,1,10.0,2023-12-21,INR,0
CUST-00389,16,79.92,1265.3,One year,Fiber,1,3.0,2022-06-04,INR,0
CUST-00390,51,37.42,1857.22,Month-to-month,DSL,2,7.0,2022-07-19,INR,0
CUST-00391,47,102.7,4607.84,One year,Fiber,1,6.0,2022-08-12,INR,0
CUST-00392,58,58.15,3361.1,Month-to-month,Fiber,4,4.0,2022-10-26,INR,1
CUST-00393,36,39.96,1400.18,Month-to-month,Fiber,4,6.0,2019-09-30,INR,0
CUST-00394,36,95.49,3658.02,One year,DSL,3,,2022-12-14,INR,1
CUST-00395,30,101.58,3036.87,Two year,Fiber,0,10.0,2019-06-19,INR,0
CUST-00396,63,60.87,3807.07,One year,Fiber,2,5.0,2021-12-30,INR,1
CUST-00397,38,45.4,1703.76,One year,DSL,1,4.0,2023-09-30,INR,1
CUST-00398,8,65.35,551.96,Month-to-month,DSL,1,6.0,2023-10-28,INR,0
CUST-00399,36,49.81,1741.6,Two year,Fiber,2,,2023-07-20,INR,0
CUST-00400,63,58.14,3643.3,One year,DSL,0,9.0,2023-09-24,INR,0
CUST-00401,60,99.29,5816.86,Two year,DSL,4,9.0,2021-03-02,INR,0
CUST-00402,27,73.62,1979.31,Two year,Fiber,0,5.0,2023-02-13,INR,1
CUST-00403,63,68.2,4289.83,Month-to-month,DSL,1,3.0,2021-05-08,INR,0
CUST-00404,7,72.61,524.77,Two year,DSL,1,8.0,2022-11-15,INR,0
CUST-00405,54,63.72,3292.96,Month-to-month,DSL,0,1.0,2023-06-16,INR,1
CUST-00406,44,83.51,3670.29,One year,No internet,0,4.0,2021-07-19,INR,0
CUST-00407,1,84.34,88.39,Month-to-month,Fiber,0,8.0,2019-03-28,INR,0
CUST-00408,33,56.87,1847.06,Month-to-month,Fiber,3,5.0,2020-11-05,INR,0
CUST-00409,28,67.31,1873.7,One year,Fiber,1,9.0,2019-05-27,INR,1
CUST-00410,31,118.1,3561.84,Month-to-month,DSL,2,4.0,2024-04-16,INR,0
CUST-00411,19,74.28,1299.75,One year,Fiber,1,1.0,2022-03-24,INR,1
CUST-00412,61,60.91,3701.97,Month-to-month,Fiber,0,4.0,2022-03-04,INR,0
CUST-00413,59,110.09,6721.12,Month-to-month,Fiber,2,4.0,2021-04-22,INR,1
CUST-00414,10,65.21,642.62,Month-to-month,DSL,1,7.0,2024-02-23,INR,1
CUST-00415,55,40.86,2121.67,One year,DSL,4,3.0,2019-10-28,INR,0
CUST-00416,44,79.84,3539.26,One year,Fiber,1,3.0,2020-03-20,INR,1
CUST-00417,14,45.2,633.98,Two year,Fiber,1,3.0,2021-04-26,INR,0
CUST-00418,30,54.06,1669.65,Month-to-month,Fiber,1,5.0,2019-11-28,INR,1
CUST-00419,20,72.18,1482.3,Two year,Fiber,1,1.0,2020-07-13,INR,1
CUST-00420,38,62.21,2343.62,Month-to-month,DSL,2,8.0,2023-01-14,INR,0
CUST-00421,10,48.2,487.54,Two year,Fiber,1,10.0,2019-01-02,INR,1
CUST-00422,36,52.88,1799.95,One year,DSL,2,1.0,2022-08-27,INR,0
CUST-00423,9,51.95,482.94,Month-to-month,Fiber,0,3.0,2024-06-20,INR,0
CUST-00424,10,90.66,911.2,Two year,Fiber,2,5.0,2021-04-11,INR,1
CUST-00425,61,49.14,3093.61,Month-to-month,Fiber,1,6.0,2023-07-01,INR,0
CUST-00426,37,52.41,2000.01,One year,DSL,2,8.0,2021-11-01,INR,0
CUST-00427,21,109.84,2285.58,Month-to-month,DSL,1,5.0,2023-01-14,INR,1
CUST-00428,62,52.82,3258.49,One year,DSL,1,,2024-02-02,INR,0
CUST-00429,24,97.77,2283.7,Two year,Fiber,3,1.0,2023-03-06,INR,0
CUST-00430,13,93.95,1145.01,Month-to-month,Fiber,1,9.0,2022-09-23,INR,0
CUST-00431,64,61.64,3927.33,Month-to-month,DSL,1,6.0,2019-09-08,INR,0
CUST-00432,1,33.77,33.91,Two year,Fiber,2,3.0,2022-01-05,INR,0
CUST-00433,67,74.97,4856.81,Month-to-month,DSL,1,7.0,2022-12-08,INR,0
CUST-00434,5,79.8,407.32,Month-to-month,DSL,3,7.0,2020-07-14,INR,0
CUST-00435,58,86.29,5017.05,Month-to-month,Fiber,3,4.0,2020-05-17,INR,0
CUST-00436,33,66.58,2225.92,Month-to-month,No internet,2,4.0,2019-12-05,INR,0
CUST-00437,9,91.5,804.07,Month-to-month,DSL,1,2.0,2021-08-26,INR,0
CUST-00438,70,95.59,6333.68,Month-to-month,No internet,1,1.0,2021-01-28,INR,0
CUST-00439,31,41.8,1325.38,One year,No internet,1,,2023-06-11,INR,1
CUST-00440,4,96.45,392.68,Month-to-month,Fiber,1,8.0,2020-09-01,INR,1
CUST-00441,52,68.84,3566.06,Month-to-month,DSL,2,1.0,2020-01-18,INR,0
CUST-00442,71,52.55,3682.01,Month-to-month,Fiber,0,,2022-11-14,INR,1
CUST-00443,12,57.99,689.74,Month-to-month,DSL,3,7.0,2022-06-12,INR,0
CUST-00444,39,106.31,4126.94,Month-to-month,No internet,0,8.0,2024-06-08,INR,1
CUST-00445,66,86.65,5628.69,One year,DSL,0,6.0,2021-06-05,INR,1
CUST-00446,9,25.64,216.72,One year,DSL,1,,2023-09-18,INR,0
CUST-00447,57,66.84,3897.58,One year,DSL,0,2.0,2019-02-01,INR,0
CUST-00448,30,61.92,1773.35,Month-to-month,Fiber,0,9.0,2020-07-17,INR,0
CUST-00449,4,61.14,241.99,Month-to-month,Fiber,4,8.0,2020-09-20,INR,0
CUST-00450,15,53.71,797.83,One year,Fiber,3,3.0,2020-08-24,INR,1
CUST-00451,61,32.96,2025.3,One year,DSL,1,,2022-11-04,INR,0
CUST-00452,51,83.96,4072.56,One year,DSL,1,9.0,2022-04-11,INR,1
CUST-00453,63,44.33,2892.56,Month-to-month,Fiber,4,,2022-08-20,INR,0
CUST-00454,39,56.86,2260.11,Two year,DSL,1,3.0,2023-08-26,INR,0
CUST-00455,10,51.75,529.22,Month-to-month,DSL,2,8.0,2022-10-12,INR,0
CUST-00456,21,48.99,1067.45,One year,Fiber,1,7.0,2020-09-01,INR,1
CUST-00457,22,81.35,1746.09,One year,DSL,2,2.0,2020-09-09,INR,0
CUST-00458,19,73.44,1263.56,One year,Fiber,4,1.0,2020-07-15,INR,1
CUST-00459,6,50.17,303.91,Month-to-month,DSL,3,6.0,2020-10-23,INR,0
CUST-00460,62,44.21,2847.99,Two year,Fiber,3,8.0,2021-08-15,INR,0
CUST-00461,7,54.67,395.91,Month-to-month,Fiber,1,,2022-03-21,INR,0
CUST-00462,55,86.27,4667.2,Month-to-month,Fiber,0,,2023-03-23,INR,0
CUST-00463,51,67.77,3445.83,Month-to-month,DSL,1,4.0,2023-02-23,INR,0
CUST-00464,31,70.13,2192.12,One year,DSL,2,8.0,2021-06-29,INR,1
CUST-00465,45,57.78,2458.49,Month-to-month,Fiber,0,7.0,2020-12-10,INR,0
CUST-00466,29,59.33,1685.76,Month-to-month,Fiber,0,7.0,2019-01-27,INR,0
CUST-00467,38,69.76,2599.72,Two year,Fiber,1,7.0,2023-06-27,INR,0
CUST-00468,53,24.44,1356.61,Month-to-month,No internet,2,1.0,2022-10-05,INR,0
CUST-00469,33,100.47,3250.14,Month-to-month,No internet,1,8.0,2020-02-21,INR,1
CUST-00470,69,999.99,3443.73,Month-to-month,No internet,0,6.0,2023-11-12,INR,0
CUST-00471,60,52.5,3150.86,One year,DSL,1,5.0,2022-08-06,INR,0
CUST-00472,6,94.45,538.13,One year,Fiber,2,,2022-10-15,INR,0
CUST-00473,65,69.89,4844.65,One year,DSL,2,1.0,2022-10-08,INR,0
CUST-00474,12,65.93,768.03,Month-to-month,DSL,1,9.0,2019-03-08,INR,0
CUST-00475,15,52.17,797.03,Month-to-month,Fiber,3,3.0,2021-05-04,INR,0
CUST-00476,26,30.65,837.68,One year,Fiber,6,10.0,2020-06-26,INR,1
CUST-00477,58,69.07,3941.75,Two year,DSL,2,,2019-08-01,INR,0
CUST-00478,37,91.3,3253.39,One year,Fiber,1,,2021-11-13,INR,0
CUST-00479,54,45.21,2517.58,Month-to-month,Fiber,2,2.0,2021-05-08,INR,1
CUST-00480,6,94.98,571.0,Month-to-month,DSL,1,5.0,2021-09-19,INR,1
CUST-00481,54,40.2,2090.87,Month-to-month,DSL,0,8.0,2020-03-30,INR,0
CUST-00482,4,48.85,189.06,Month-to-month,DSL,2,4.0,2019-06-08,INR,0
CUST-00483,18,76.13,1354.32,Month-to-month,DSL,2,3.0,2019-02-15,INR,1
CUST-00484,16,65.0,1070.08,One year,DSL,1,7.0,2020-07-23,INR,0
CUST-00485,60,80.2,4770.56,Month-to-month,Fiber,0,1.0,2023-06-03,INR,0
CUST-00486,28,48.68,1389.8,Month-to-month,DSL,2,2.0,2021-03-21,INR,1
CUST-00487,55,42.3,2441.85,One year,Fiber,1,10.0,2021-01-03,INR,0
CUST-00488,53,23.92,1316.04,One year,Fiber,0,,2021-10-04,INR,0
CUST-00489,50,38.52,2009.06,Month-to-month,Fiber,2,5.0,2019-06-19,INR,0
CUST-00490,44,41.33,1885.73,Month-to-month,Fiber,2,3.0,2024-05-20,INR,0
CUST-00491,62,33.61,1983.26,Month-to-month,DSL,0,5.0,2021-06-02,INR,0
CUST-00492,3,71.79,223.27,Month-to-month,Fiber,0,3.0,2022-12-05,INR,0
CUST-00493,48,50.39,2442.56,One year,Fiber,2,1.0,2019-04-17,INR,1
CUST-00494,4,21.26,84.72,Month-to-month,DSL,4,,2021-11-21,INR,0
CUST-00495,45,119.64,5208.61,One year,No internet,1,,2024-04-09,INR,0
CUST-00496,33,46.63,1465.44,One year,DSL,2,,2019-01-19,INR,0
CUST-00497,70,37.38,2529.38,Month-to-month,No internet,1,5.0,2021-05-30,INR,0
CUST-00498,63,92.28,5809.91,Month-to-month,DSL,4,8.0,2019-03-06,INR,0
CUST-00499,5,90.64,437.22,Month-to-month,No internet,2,4.0,2023-04-20,INR,1
CUST-00500,65,39.67,2515.39,Month-to-month,DSL,0,7.0,2023-03-29,INR,0
CUST-00501,13,32.57,415.58,Month-to-month,DSL,1,,2021-01-07,INR,0
CUST-00502,26,43.0,1140.36,Month-to-month,DSL,1,9.0,2022-02-06,INR,1
CUST-00503,38,89.85,3384.07,Month-to-month,Fiber,1,4.0,2021-10-20,INR,1
CUST-00504,64,58.15,3705.31,One year,Fiber,1,5.0,2022-09-12,INR,0
CUST-00505,25,47.21,1227.21,Month-to-month,DSL,0,9.0,2020-11-15,INR,0
CUST-00506,66,64.38,4208.13,One year,Fiber,2,1.0,2019-09-14,INR,0
CUST-00507,22,91.49,2048.96,Month-to-month,No internet,0,3.0,2022-07-30,INR,1
CUST-00508,29,34.43,966.8,Month-to-month,Fiber,1,,2024-05-06,INR,1
CUST-00509,66,56.56,3769.82,Two year,Fiber,1,1.0,2021-06-25,INR,0
CUST-00510,53,34.56,1838.25,Month-to-month,Fiber,1,,2021-10-25,INR,0
CUST-00511,49,112.79,5555.78,Month-to-month,Fiber,0,7.0,2021-11-26,INR,0
CUST-00512,26,105.0,2691.8,Month-to-month,DSL,3,9.0,2022-02-22,INR,1
CUST-00513,1,85.93,83.27,One year,Fiber,3,7.0,2023-09-20,INR,0
CUST-00514,11,62.07,676.63,Month-to-month,DSL,2,2.0,2022-09-25,INR,1
CUST-00515,23,79.5,1802.83,One year,No internet,3,9.0,2020-03-20,INR,1
CUST-00516,41,18.76,793.0,Month-to-month,Fiber,2,6.0,2022-06-19,INR,0
CUST-00517,62,71.08,4526.98,One year,No internet,1,9.0,2020-06-09,INR,0
CUST-00518,7,35.6,240.21,Month-to-month,DSL,1,3.0,2023-04-23,INR,0
CUST-00519,5,35.85,182.62,Month-to-month,Fiber,1,3.0,2023-10-26,INR,1
CUST-00520,48,49.5,2341.8,Month-to-month,DSL,1,7.0,2020-02-24,INR,1
CUST-00521,18,57.3,1045.6,Month-to-month,Fiber,2,9.0,2021-03-03,INR,0
CUST-00522,58,77.63,4437.49,One year,Fiber,3,1.0,2019-05-05,INR,0
CUST-00523,42,80.41,3228.11,Month-to-month,Fiber,2,4.0,2022-04-26,INR,0
CUST-00524,65,70.78,4740.97,One year,Fiber,0,1.0,2021-04-25,INR,0
CUST-00525,33,44.22,1479.06,Two year,Fiber,1,1.0,2023-10-02,INR,0
CUST-00526,32,79.87,2461.86,Month-to-month,Fiber,2,5.0,2023-04-09,INR,0
CUST-00527,56,62.34,3292.95,One year,DSL,0,3.0,2023-07-24,INR,0
CUST-00528,9,90.97,805.61,Two year,DSL,2,9.0,2023-02-18,INR,1
CUST-00529,16,44.82,691.69,Month-to-month,DSL,1,2.0,2020-12-20,INR,0
CUST-00530,65,18.0,1157.23,Month-to-month,No internet,0,5.0,2021-02-17,INR,0
CUST-00531,11,54.51,610.77,Month-to-month,No internet,2,7.0,2021-01-02,INR,0
CUST-00532,62,112.33,7271.4,Month-to-month,Fiber,2,,2023-02-02,INR,0
CUST-00533,50,75.32,3725.69,One year,DSL,3,,2023-12-15,INR,0
CUST-00534,69,60.72,4362.8,One year,DSL,2,,2023-03-31,INR,0
CUST-00535,20,84.44,1747.79,Month-to-month,No internet,2,8.0,2020-09-06,INR,0
CUST-00536,43,76.07,3228.38,Month-to-month,Fiber,0,2.0,2023-05-10,INR,0
CUST-00537,3,75.15,214.18,Month-to-month,No internet,1,6.0,2022-08-31,INR,1
CUST-00538,48,53.7,2643.61,Month-to-month,DSL,3,4.0,2024-04-06,INR,0
CUST-00539,4,66.68,271.6,Month-to-month,DSL,1,9.0,2022-12-28,INR,1
CUST-00540,27,69.43,2007.05,Month-to-month,DSL,2,6.0,2021-07-13,INR,0
CUST-00541,24,50.86,1273.07,Two year,Fiber,2,10.0,2021-04-05,INR,0
CUST-00542,14,40.39,578.77,Month-to-month,DSL,5,3.0,2022-12-31,INR,0
CUST-00543,39,68.06,2788.97,Month-to-month,DSL,1,3.0,2022-06-25,INR,0
CUST-00544,21,86.31,1755.67,One year,No internet,1,7.0,2024-01-05,INR,1
CUST-00545,7,79.24,557.96,Month-to-month,DSL,1,,2022-04-22,INR,1
CUST-00546,52,75.87,3913.34,Month-to-month,Fiber,3,5.0,2020-08-04,INR,0
CUST-00547,14,76.09,1121.08,Month-to-month,Fiber,2,3.0,2019-03-29,INR,1
CUST-00548,24,121.85,2974.39,Month-to-month,Fiber,4,8.0,2024-05-23,INR,1
CUST-00549,23,70.72,1477.51,One year,DSL,0,,2022-11-09,INR,1
CUST-00550,50,87.92,4577.5,One year,DSL,1,1.0,2020-11-06,INR,1
CUST-00551,52,108.06,5467.35,Two year,DSL,2,9.0,2020-07-17,INR,1
CUST-00552,36,66.17,2438.21,Month-to-month,Fiber,3,9.0,2022-08-23,INR,1
CUST-00553,6,70.82,418.92,One year,Fiber,1,7.0,2024-05-06,INR,0
CUST-00554,32,87.97,2836.51,Month-to-month,DSL,1,10.0,2019-10-04,INR,0
CUST-00555,51,102.13,5309.55,Month-to-month,DSL,2,5.0,2021-06-08,INR,0
CUST-00556,69,71.89,4990.98,One year,DSL,1,3.0,2020-01-16,INR,1
CUST-00557,69,72.99,4893.98,Month-to-month,DSL,0,10.0,2022-10-24,INR,0
CUST-00558,12,67.0,838.06,Month-to-month,Fiber,3,3.0,2019-07-02,INR,1
CUST-00559,18,38.48,701.17,Month-to-month,DSL,1,2.0,2020-08-16,INR,1
CUST-00560,35,89.59,3135.38,One year,Fiber,2,9.0,2022-06-30,INR,1
CUST-00561,19,59.45,1153.97,Month-to-month,Fiber,1,7.0,2020-03-22,INR,0
CUST-00562,12,27.19,321.19,Month-to-month,DSL,2,5.0,2019-02-22,INR,1
CUST-00563,16,61.83,1045.72,Month-to-month,DSL,2,8.0,2024-02-08,INR,1
CUST-00564,67,27.01,1822.75,Month-to-month,No internet,1,4.0,2021-08-24,INR,0
CUST-00565,51,42.9,2212.98,Month-to-month,DSL,0,7.0,2022-07-29,INR,1
CUST-00566,35,65.46,2316.13,Month-to-month,Fiber,2,6.0,2023-01-27,INR,0
CUST-00567,40,44.83,1745.03,One year,Fiber,1,7.0,2021-04-19,INR,0
CUST-00568,24,88.66,2054.0,Two year,Fiber,4,6.0,2020-06-26,INR,0
CUST-00569,39,32.79,1287.83,Month-to-month,Fiber,5,2.0,2022-11-26,INR,0
CUST-00570,12,70.92,860.5,Month-to-month,DSL,0,9.0,2020-01-22,INR,0
CUST-00571,5,77.41,402.89,Month-to-month,Fiber,3,1.0,2022-12-22,INR,0
CUST-00572,43,97.28,4242.03,One year,Fiber,2,,2024-04-09,INR,1
CUST-00573,40,85.46,3308.64,Month-to-month,Fiber,0,8.0,2022-10-14,INR,0
CUST-00574,29,70.31,2072.35,Month-to-month,Fiber,2,8.0,2020-02-11,INR,1
CUST-00575,33,66.95,2265.47,Month-to-month,DSL,1,8.0,2022-03-20,INR,0
CUST-00576,10,63.9,658.6,Two year,Fiber,1,5.0,2022-03-17,INR,1
CUST-00577,61,90.24,5562.94,One year,Fiber,0,5.0,2019-11-30,INR,0
CUST-00578,3,50.75,146.76,One year,Fiber,2,6.0,2021-07-16,INR,0
CUST-00579,34,76.67,2699.11,Month-to-month,DSL,2,4.0,2024-02-22,INR,0
CUST-00580,28,63.15,1730.4,Two year,DSL,0,9.0,2023-12-18,INR,0
CUST-00581,56,70.51,4018.81,Month-to-month,DSL,4,1.0,2021-09-09,INR,1
CUST-00582,42,59.45,2380.51,Month-to-month,Fiber,1,9.0,2022-06-15,INR,0
CUST-00583,14,112.2,1607.74,Month-to-month,No internet,1,1.0,2019-01-24,INR,1
CUST-00584,37,50.77,1835.33,Two year,No internet,1,7.0,2021-08-22,INR,0
CUST-00585,43,70.8,3145.01,One year,Fiber,2,,2020-12-06,INR,1
CUST-00586,64,71.31,4807.98,One year,Fiber,1,6.0,2020-05-22,INR,1
CUST-00587,37,78.62,3012.65,Month-to-month,DSL,0,4.0,2024-03-16,INR,1
CUST-00588,65,75.16,4716.94,One year,Fiber,2,4.0,2023-08-03,INR,0
CUST-00589,25,74.59,1812.96,Month-to-month,Fiber,5,5.0,2019-01-05,INR,1
CUST-00590,67,86.86,5670.76,Month-to-month,Fiber,1,5.0,2020-09-19,INR,0
CUST-00591,68,32.15,2230.83,Month-to-month,Fiber,1,8.0,2020-05-09,INR,0
CUST-00592,57,65.48,3773.03,Two year,No internet,1,2.0,2023-06-11,INR,0
CUST-00593,61,38.12,2337.59,Month-to-month,Fiber,1,,2020-01-05,INR,0
CUST-00594,34,70.38,2416.37,Two year,Fiber,1,,2022-10-29,INR,0
CUST-00595,67,39.25,2676.83,Two year,DSL,1,9.0,2019-03-03,INR,0
CUST-00596,38,44.15,1711.33,Month-to-month,No internet,1,,2022-01-11,INR,1
CUST-00597,42,63.94,2822.94,Month-to-month,Fiber,1,2.0,2019-04-03,INR,0
CUST-00598,29,95.99,2780.37,Month-to-month,DSL,3,,2024-06-15,INR,1
CUST-00599,42,77.98,3296.7,Month-to-month,Fiber,2,7.0,2019-06-17,INR,0
CUST-00600,29,71.81,1967.48,One year,DSL,0,3.0,2022-07-13,INR,1
CUST-00001,10,54.4,567.11,Two year,Fiber,1,5.0,2023-01-12,INR,0
CUST-00002,10,71.13,691.41,Month-to-month,No internet,5,,2021-08-05,INR,0
CUST-00003,57,50.35,2690.95,One year,Fiber,2,5.0,2024-03-17,INR,0
